TaxNodeID	TaxName	TotalReads	Duplicity	MeanDust	Damage+1	Damage-1	MeanLength	ANI	AvgReadGC	AvgRefGC	UniqueKmers	RatioDupKmers	TotalAlignments	taxpath
14525	"p__Pseudomonadota"	113	1.0	2.58	0.0276	0.0	44.44	0.9804	0.442	0.483	1854	0.002	1569	"14525:p__Pseudomonadota:phylum;14524:d__Bacteria:superkingdom;1:root:no rank"
14526	"c__Gammaproteobacteria"	95	0.99	2.66	0.0353	0.0	40.2	0.9818	0.41	0.439	1167	0	1316	"14526:c__Gammaproteobacteria:class;14525:p__Pseudomonadota:phylum;14524:d__Bacteria:superkingdom;1:root:no rank"
108193	"o__Pseudomonadales"	53	1.0	2.86	0.0	0.0	37.45	0.9817	0.366	0.374	503	0	814	"108193:o__Pseudomonadales:order;14526:c__Gammaproteobacteria:class;14525:p__Pseudomonadota:phylum;14524:d__Bacteria:superkingdom;1:root:no rank"
115234	"f__Moraxellaceae"	42	0.99	2.93	0.0	0.0	38.26	0.9809	0.325	0.336	434	0	204	"115234:f__Moraxellaceae:family;108193:o__Pseudomonadales:order;14526:c__Gammaproteobacteria:class;14525:p__Pseudomonadota:phylum;14524:d__Bacteria:superkingdom;1:root:no rank"
115235	"g__Acinetobacter"	41	0.99	2.92	0.0	0.0	37.68	0.9815	0.324	0.333	400	0	201	"115235:g__Acinetobacter:genus;115234:f__Moraxellaceae:family;108193:o__Pseudomonadales:order;14526:c__Gammaproteobacteria:class;14525:p__Pseudomonadota:phylum;14524:d__Bacteria:superkingdom;1:root:no rank"
145555	"o__Enterobacterales_A"	17	1.0	2.32	0.087	0.0	34.41	0.9818	0.383	0.394	109	0.0	48	"145555:o__Enterobacterales_A:order;14526:c__Gammaproteobacteria:class;14525:p__Pseudomonadota:phylum;14524:d__Bacteria:superkingdom;1:root:no rank"
101056	"c__Actinomycetia"	17	1.0	1.98	0.0	0.0	51.76	0.9858	0.565	0.584	404	0.0	117	"101056:c__Actinomycetia:class;101055:p__Actinomycetota:phylum;14524:d__Bacteria:superkingdom;1:root:no rank"
101055	"p__Actinomycetota"	17	1.0	1.98	0.0	0.0	51.76	0.9858	0.565	0.584	404	0.0	117	"101055:p__Actinomycetota:phylum;14524:d__Bacteria:superkingdom;1:root:no rank"
159315	"c__Alphaproteobacteria"	16	1.03	2.06	0.0	0.0	64.62	0.9744	0.597	0.613	570	0.027	122	"159315:c__Alphaproteobacteria:class;14525:p__Pseudomonadota:phylum;14524:d__Bacteria:superkingdom;1:root:no rank"
225214	"f__Alteromonadaceae"	16	1.0	2.31	0.1	0.0	34.38	0.9824	0.38	0.39	102	0.0	45	"225214:f__Alteromonadaceae:family;145555:o__Enterobacterales_A:order;14526:c__Gammaproteobacteria:class;14525:p__Pseudomonadota:phylum;14524:d__Bacteria:superkingdom;1:root:no rank"
161314	"o__Rhizobiales"	14	1.03	2.1	0.0	0.0	67.21	0.9754	0.584	0.605	535	0.026	118	"161314:o__Rhizobiales:order;159315:c__Alphaproteobacteria:class;14525:p__Pseudomonadota:phylum;14524:d__Bacteria:superkingdom;1:root:no rank"
301954	"g__Rheinheimera"	14	1.0	2.35	0.1176	0.0	34.64	0.9836	0.386	0.394	93	0.0	31	"301954:g__Rheinheimera:genus;225214:f__Alteromonadaceae:family;145555:o__Enterobacterales_A:order;14526:c__Gammaproteobacteria:class;14525:p__Pseudomonadota:phylum;14524:d__Bacteria:superkingdom;1:root:no rank"
137197	"o__Burkholderiales"	9	1.0	2.25	0.0471	0.0	59.44	0.9822	0.638	0.646	284	0	98	"137197:o__Burkholderiales:order;14526:c__Gammaproteobacteria:class;14525:p__Pseudomonadota:phylum;14524:d__Bacteria:superkingdom;1:root:no rank"
101058	"f__Mycobacteriaceae"	9	1.0	2.01	0.0	0.0	60.67	0.9867	0.623	0.622	295	0	25	"101058:f__Mycobacteriaceae:family;101057:o__Mycobacteriales:order;101056:c__Actinomycetia:class;101055:p__Actinomycetota:phylum;14524:d__Bacteria:superkingdom;1:root:no rank"
101057	"o__Mycobacteriales"	9	1.0	2.01	0.0	0.0	60.67	0.9867	0.623	0.622	295	0	25	"101057:o__Mycobacteriales:order;101056:c__Actinomycetia:class;101055:p__Actinomycetota:phylum;14524:d__Bacteria:superkingdom;1:root:no rank"
227325	"f__Xanthobacteraceae"	8	1.02	2.5	0.0	0.0	78.88	0.9697	0.607	0.617	398	0.022	107	"227325:f__Xanthobacteraceae:family;161314:o__Rhizobiales:order;159315:c__Alphaproteobacteria:class;14525:p__Pseudomonadota:phylum;14524:d__Bacteria:superkingdom;1:root:no rank"
14528	"f__Enterobacteriaceae"	8	1.02	2.86	0.0	0.0	42.12	0.9845	0.393	0.431	111	0.018	52	"14528:f__Enterobacteriaceae:family;14527:o__Enterobacterales:order;14526:c__Gammaproteobacteria:class;14525:p__Pseudomonadota:phylum;14524:d__Bacteria:superkingdom;1:root:no rank"
14527	"o__Enterobacterales"	8	1.02	2.86	0.0	0.0	42.12	0.9845	0.393	0.431	111	0.018	52	"14527:o__Enterobacterales:order;14526:c__Gammaproteobacteria:class;14525:p__Pseudomonadota:phylum;14524:d__Bacteria:superkingdom;1:root:no rank"
227326	"g__Bradyrhizobium"	6	1.02	2.51	0.0	0.0	83.5	0.9727	0.638	0.641	325	0.024	47	"227326:g__Bradyrhizobium:genus;227325:f__Xanthobacteraceae:family;161314:o__Rhizobiales:order;159315:c__Alphaproteobacteria:class;14525:p__Pseudomonadota:phylum;14524:d__Bacteria:superkingdom;1:root:no rank"
242500	"g__Halomonas"	5	1.0	1.92	0.0	0.0	35.8	0.9808	0.577	0.594	39	0.0	11	"242500:g__Halomonas:genus;242499:f__Halomonadaceae:family;108193:o__Pseudomonadales:order;14526:c__Gammaproteobacteria:class;14525:p__Pseudomonadota:phylum;14524:d__Bacteria:superkingdom;1:root:no rank"
242499	"f__Halomonadaceae"	5	1.0	1.92	0.0	0.0	35.8	0.9808	0.577	0.594	39	0.0	11	"242499:f__Halomonadaceae:family;108193:o__Pseudomonadales:order;14526:c__Gammaproteobacteria:class;14525:p__Pseudomonadota:phylum;14524:d__Bacteria:superkingdom;1:root:no rank"
219099	"g__Rhodococcus"	5	0.99	2.25	0.0	0.0	66.4	0.9897	0.639	0.642	193	0	12	"219099:g__Rhodococcus:genus;101058:f__Mycobacteriaceae:family;101057:o__Mycobacteriales:order;101056:c__Actinomycetia:class;101055:p__Actinomycetota:phylum;14524:d__Bacteria:superkingdom;1:root:no rank"
251232	"g__Methylobacterium"	4	1.02	1.61	0.0	0	60.75	0.9745	0.562	0.593	129	0.015	7	"251232:g__Methylobacterium:genus;251231:f__Beijerinckiaceae:family;161314:o__Rhizobiales:order;159315:c__Alphaproteobacteria:class;14525:p__Pseudomonadota:phylum;14524:d__Bacteria:superkingdom;1:root:no rank"
251231	"f__Beijerinckiaceae"	4	1.02	1.61	0.0	0	60.75	0.9745	0.562	0.593	129	0.015	7	"251231:f__Beijerinckiaceae:family;161314:o__Rhizobiales:order;159315:c__Alphaproteobacteria:class;14525:p__Pseudomonadota:phylum;14524:d__Bacteria:superkingdom;1:root:no rank"
108194	"f__Pseudomonadaceae"	4	1.0	4.02	0.0	0	34.0	0.9913	0.481	0.487	24	0.0	541	"108194:f__Pseudomonadaceae:family;108193:o__Pseudomonadales:order;14526:c__Gammaproteobacteria:class;14525:p__Pseudomonadota:phylum;14524:d__Bacteria:superkingdom;1:root:no rank"
177469	"o__Xanthomonadales"	4	1.0	2.46	0.0	0.0	57.0	0.9777	0.611	0.646	116	0.0	83	"177469:o__Xanthomonadales:order;14526:c__Gammaproteobacteria:class;14525:p__Pseudomonadota:phylum;14524:d__Bacteria:superkingdom;1:root:no rank"
225121	"RS_GCF_000368045.1"	4	1.0	4.79	0	0.0	50.0	0.9792	0.353	0.385	88	0.0	4	"225121:RS_GCF_000368045.1:subspecies;225078:s__Acinetobacter johnsonii:species;115235:g__Acinetobacter:genus;115234:f__Moraxellaceae:family;108193:o__Pseudomonadales:order;14526:c__Gammaproteobacteria:class;14525:p__Pseudomonadota:phylum;14524:d__Bacteria:superkingdom;1:root:no rank"
225078	"s__Acinetobacter johnsonii"	4	1.0	4.79	0	0.0	50.0	0.9792	0.353	0.385	88	0.0	4	"225078:s__Acinetobacter johnsonii:species;115235:g__Acinetobacter:genus;115234:f__Moraxellaceae:family;108193:o__Pseudomonadales:order;14526:c__Gammaproteobacteria:class;14525:p__Pseudomonadota:phylum;14524:d__Bacteria:superkingdom;1:root:no rank"
497912	"GB_GCA_002840125.1"	4	1.0	2.5	0	0.0	36.0	0.9729	0.361	0.382	32	0.0	4	"497912:GB_GCA_002840125.1:subspecies;497911:s__Rheinheimera sp002840125:species;301954:g__Rheinheimera:genus;225214:f__Alteromonadaceae:family;145555:o__Enterobacterales_A:order;14526:c__Gammaproteobacteria:class;14525:p__Pseudomonadota:phylum;14524:d__Bacteria:superkingdom;1:root:no rank"
497911	"s__Rheinheimera sp002840125"	4	1.0	2.5	0	0.0	36.0	0.9729	0.361	0.382	32	0.0	4	"497911:s__Rheinheimera sp002840125:species;301954:g__Rheinheimera:genus;225214:f__Alteromonadaceae:family;145555:o__Enterobacterales_A:order;14526:c__Gammaproteobacteria:class;14525:p__Pseudomonadota:phylum;14524:d__Bacteria:superkingdom;1:root:no rank"
170478	"g__Citrobacter"	4	1.0	2.56	0.0	0.0	36.0	0.9894	0.303	0.306	32	0.0	35	"170478:g__Citrobacter:genus;14528:f__Enterobacteriaceae:family;14527:o__Enterobacterales:order;14526:c__Gammaproteobacteria:class;14525:p__Pseudomonadota:phylum;14524:d__Bacteria:superkingdom;1:root:no rank"
175271	"g__Corynebacterium"	4	1.0	1.7	0.0	0.0	53.5	0.9828	0.603	0.593	102	0.0	13	"175271:g__Corynebacterium:genus;101058:f__Mycobacteriaceae:family;101057:o__Mycobacteriales:order;101056:c__Actinomycetia:class;101055:p__Actinomycetota:phylum;14524:d__Bacteria:superkingdom;1:root:no rank"
233990	"f__Burkholderiaceae_B"	4	1.0	1.98	0.1099	0.0	40.5	0.9789	0.642	0.646	50	0.0	88	"233990:f__Burkholderiaceae_B:family;137197:o__Burkholderiales:order;14526:c__Gammaproteobacteria:class;14525:p__Pseudomonadota:phylum;14524:d__Bacteria:superkingdom;1:root:no rank"
154229	"g__Pseudomonas_E"	3	1.0	4.71	0.0	0	33.33	0.9889	0.549	0.562	16	0.0	15	"154229:g__Pseudomonas_E:genus;108194:f__Pseudomonadaceae:family;108193:o__Pseudomonadales:order;14526:c__Gammaproteobacteria:class;14525:p__Pseudomonadota:phylum;14524:d__Bacteria:superkingdom;1:root:no rank"
177040	"o__Propionibacteriales"	3	1.0	1.38	0	0.0	44.0	0.9841	0.588	0.588	48	0.0	4	"177040:o__Propionibacteriales:order;101056:c__Actinomycetia:class;101055:p__Actinomycetota:phylum;14524:d__Bacteria:superkingdom;1:root:no rank"
386081	"RS_GCF_014649015.1"	3	1.0	1.88	0	0	37.33	0.9896	0.303	0.312	28	0.0	3	"386081:RS_GCF_014649015.1:subspecies;386079:s__Streptomyces narbonensis:species;207082:g__Streptomyces:genus;207081:f__Streptomycetaceae:family;207080:o__Streptomycetales:order;101056:c__Actinomycetia:class;101055:p__Actinomycetota:phylum;14524:d__Bacteria:superkingdom;1:root:no rank"
386079	"s__Streptomyces narbonensis"	3	1.0	1.88	0	0	37.33	0.9896	0.303	0.312	28	0.0	3	"386079:s__Streptomyces narbonensis:species;207082:g__Streptomyces:genus;207081:f__Streptomycetaceae:family;207080:o__Streptomycetales:order;101056:c__Actinomycetia:class;101055:p__Actinomycetota:phylum;14524:d__Bacteria:superkingdom;1:root:no rank"
207082	"g__Streptomyces"	3	1.0	1.88	0	0	37.33	0.9896	0.303	0.312	28	0.0	3	"207082:g__Streptomyces:genus;207081:f__Streptomycetaceae:family;207080:o__Streptomycetales:order;101056:c__Actinomycetia:class;101055:p__Actinomycetota:phylum;14524:d__Bacteria:superkingdom;1:root:no rank"
207081	"f__Streptomycetaceae"	3	1.0	1.88	0	0	37.33	0.9896	0.303	0.312	28	0.0	3	"207081:f__Streptomycetaceae:family;207080:o__Streptomycetales:order;101056:c__Actinomycetia:class;101055:p__Actinomycetota:phylum;14524:d__Bacteria:superkingdom;1:root:no rank"
207080	"o__Streptomycetales"	3	1.0	1.88	0	0	37.33	0.9896	0.303	0.312	28	0.0	3	"207080:o__Streptomycetales:order;101056:c__Actinomycetia:class;101055:p__Actinomycetota:phylum;14524:d__Bacteria:superkingdom;1:root:no rank"
236419	"RS_GCF_001894785.1"	3	1.0	1.79	0.0	0.0	47.67	0.9943	0.634	0.643	59	0.0	3	"236419:RS_GCF_001894785.1:subspecies;236404:s__Rhodococcus fascians:species;219099:g__Rhodococcus:genus;101058:f__Mycobacteriaceae:family;101057:o__Mycobacteriales:order;101056:c__Actinomycetia:class;101055:p__Actinomycetota:phylum;14524:d__Bacteria:superkingdom;1:root:no rank"
236404	"s__Rhodococcus fascians"	3	1.0	1.79	0.0	0.0	47.67	0.9943	0.634	0.643	59	0.0	3	"236404:s__Rhodococcus fascians:species;219099:g__Rhodococcus:genus;101058:f__Mycobacteriaceae:family;101057:o__Mycobacteriales:order;101056:c__Actinomycetia:class;101055:p__Actinomycetota:phylum;14524:d__Bacteria:superkingdom;1:root:no rank"
147451	"f__Burkholderiaceae"	3	0.99	2.51	0.0	0.0	82.67	0.9892	0.687	0.677	165	0	8	"147451:f__Burkholderiaceae:family;137197:o__Burkholderiales:order;14526:c__Gammaproteobacteria:class;14525:p__Pseudomonadota:phylum;14524:d__Bacteria:superkingdom;1:root:no rank"
275876	"f__Rhodanobacteraceae"	2	1.0	1.41	0.0	0.0	45.5	0.9726	0.576	0.582	35	0.0	5	"275876:f__Rhodanobacteraceae:family;177469:o__Xanthomonadales:order;14526:c__Gammaproteobacteria:class;14525:p__Pseudomonadota:phylum;14524:d__Bacteria:superkingdom;1:root:no rank"
177470	"f__Xanthomonadaceae"	2	1.0	3.52	0	0	68.5	0.9827	0.645	0.689	81	0.0	78	"177470:f__Xanthomonadaceae:family;177469:o__Xanthomonadales:order;14526:c__Gammaproteobacteria:class;14525:p__Pseudomonadota:phylum;14524:d__Bacteria:superkingdom;1:root:no rank"
161315	"f__Rhizobiaceae"	2	1.0	1.48	0.0	0.0	33.5	1.0	0.537	0.537	11	0.0	4	"161315:f__Rhizobiaceae:family;161314:o__Rhizobiales:order;159315:c__Alphaproteobacteria:class;14525:p__Pseudomonadota:phylum;14524:d__Bacteria:superkingdom;1:root:no rank"
218165	"RS_GCF_006757745.1"	2	1.0	2.27	0	0	49.0	1.0	0.272	0.265	42	0.0	2	"218165:RS_GCF_006757745.1:subspecies;218119:s__Acinetobacter radioresistens:species;115235:g__Acinetobacter:genus;115234:f__Moraxellaceae:family;108193:o__Pseudomonadales:order;14526:c__Gammaproteobacteria:class;14525:p__Pseudomonadota:phylum;14524:d__Bacteria:superkingdom;1:root:no rank"
218119	"s__Acinetobacter radioresistens"	2	1.0	2.27	0	0	49.0	1.0	0.272	0.265	42	0.0	2	"218119:s__Acinetobacter radioresistens:species;115235:g__Acinetobacter:genus;115234:f__Moraxellaceae:family;108193:o__Pseudomonadales:order;14526:c__Gammaproteobacteria:class;14525:p__Pseudomonadota:phylum;14524:d__Bacteria:superkingdom;1:root:no rank"
177258	"RS_GCF_003030305.1"	2	1.0	1.69	0	0.0	45.0	1.0	0.62	0.622	34	0.0	2	"177258:RS_GCF_003030305.1:subspecies;177043:s__Cutibacterium acnes:species;177042:g__Cutibacterium:genus;177041:f__Propionibacteriaceae:family;177040:o__Propionibacteriales:order;101056:c__Actinomycetia:class;101055:p__Actinomycetota:phylum;14524:d__Bacteria:superkingdom;1:root:no rank"
177043	"s__Cutibacterium acnes"	2	1.0	1.69	0	0.0	45.0	1.0	0.62	0.622	34	0.0	2	"177043:s__Cutibacterium acnes:species;177042:g__Cutibacterium:genus;177041:f__Propionibacteriaceae:family;177040:o__Propionibacteriales:order;101056:c__Actinomycetia:class;101055:p__Actinomycetota:phylum;14524:d__Bacteria:superkingdom;1:root:no rank"
177042	"g__Cutibacterium"	2	1.0	1.69	0	0.0	45.0	1.0	0.62	0.622	34	0.0	2	"177042:g__Cutibacterium:genus;177041:f__Propionibacteriaceae:family;177040:o__Propionibacteriales:order;101056:c__Actinomycetia:class;101055:p__Actinomycetota:phylum;14524:d__Bacteria:superkingdom;1:root:no rank"
177041	"f__Propionibacteriaceae"	2	1.0	1.69	0	0.0	45.0	1.0	0.62	0.622	34	0.0	2	"177041:f__Propionibacteriaceae:family;177040:o__Propionibacteriales:order;101056:c__Actinomycetia:class;101055:p__Actinomycetota:phylum;14524:d__Bacteria:superkingdom;1:root:no rank"
147452	"g__Burkholderia"	2	0.99	3.12	0.0	0.0	107.5	0.9876	0.682	0.673	160	0	4	"147452:g__Burkholderia:genus;147451:f__Burkholderiaceae:family;137197:o__Burkholderiales:order;14526:c__Gammaproteobacteria:class;14525:p__Pseudomonadota:phylum;14524:d__Bacteria:superkingdom;1:root:no rank"
390042	"RS_GCF_022179185.1"	1	1.0	1.44	0	0	59.0	1.0	0.576	0.576	31	0.0	1	"390042:RS_GCF_022179185.1:subspecies;390041:s__Methylobacterium frigidaeris:species;251232:g__Methylobacterium:genus;251231:f__Beijerinckiaceae:family;161314:o__Rhizobiales:order;159315:c__Alphaproteobacteria:class;14525:p__Pseudomonadota:phylum;14524:d__Bacteria:superkingdom;1:root:no rank"
390041	"s__Methylobacterium frigidaeris"	1	1.0	1.44	0	0	59.0	1.0	0.576	0.576	31	0.0	1	"390041:s__Methylobacterium frigidaeris:species;251232:g__Methylobacterium:genus;251231:f__Beijerinckiaceae:family;161314:o__Rhizobiales:order;159315:c__Alphaproteobacteria:class;14525:p__Pseudomonadota:phylum;14524:d__Bacteria:superkingdom;1:root:no rank"
509318	"RS_GCF_005048205.1"	1	1.0	3.54	0.0	0	94.0	0.9894	0.628	0.617	66	0.0	1	"509318:RS_GCF_005048205.1:subspecies;509317:s__Chitiniphilus eburneus:species;475233:g__Chitiniphilus:genus;355342:f__Chitinibacteraceae:family;137197:o__Burkholderiales:order;14526:c__Gammaproteobacteria:class;14525:p__Pseudomonadota:phylum;14524:d__Bacteria:superkingdom;1:root:no rank"
509317	"s__Chitiniphilus eburneus"	1	1.0	3.54	0.0	0	94.0	0.9894	0.628	0.617	66	0.0	1	"509317:s__Chitiniphilus eburneus:species;475233:g__Chitiniphilus:genus;355342:f__Chitinibacteraceae:family;137197:o__Burkholderiales:order;14526:c__Gammaproteobacteria:class;14525:p__Pseudomonadota:phylum;14524:d__Bacteria:superkingdom;1:root:no rank"
475233	"g__Chitiniphilus"	1	1.0	3.54	0.0	0	94.0	0.9894	0.628	0.617	66	0.0	1	"475233:g__Chitiniphilus:genus;355342:f__Chitinibacteraceae:family;137197:o__Burkholderiales:order;14526:c__Gammaproteobacteria:class;14525:p__Pseudomonadota:phylum;14524:d__Bacteria:superkingdom;1:root:no rank"
355342	"f__Chitinibacteraceae"	1	1.0	3.54	0.0	0	94.0	0.9894	0.628	0.617	66	0.0	1	"355342:f__Chitinibacteraceae:family;137197:o__Burkholderiales:order;14526:c__Gammaproteobacteria:class;14525:p__Pseudomonadota:phylum;14524:d__Bacteria:superkingdom;1:root:no rank"
197356	"g__Aeromonas"	1	1.0	2.46	0.0	0	35.0	0.9714	0.429	0.457	7	0.0	3	"197356:g__Aeromonas:genus;197355:f__Aeromonadaceae:family;145555:o__Enterobacterales_A:order;14526:c__Gammaproteobacteria:class;14525:p__Pseudomonadota:phylum;14524:d__Bacteria:superkingdom;1:root:no rank"
197355	"f__Aeromonadaceae"	1	1.0	2.46	0.0	0	35.0	0.9714	0.429	0.457	7	0.0	3	"197355:f__Aeromonadaceae:family;145555:o__Enterobacterales_A:order;14526:c__Gammaproteobacteria:class;14525:p__Pseudomonadota:phylum;14524:d__Bacteria:superkingdom;1:root:no rank"
177471	"g__Xanthomonas"	1	1.0	2.02	0	0	37.0	0.9879	0.541	0.53	9	0.0	74	"177471:g__Xanthomonas:genus;177470:f__Xanthomonadaceae:family;177469:o__Xanthomonadales:order;14526:c__Gammaproteobacteria:class;14525:p__Pseudomonadota:phylum;14524:d__Bacteria:superkingdom;1:root:no rank"
335169	"RS_GCF_022179445.1"	1	1.0	1.3	0	0	49.0	0.9592	0.49	0.49	21	0.0	1	"335169:RS_GCF_022179445.1:subspecies;335166:s__Methylobacterium mesophilicum:species;251232:g__Methylobacterium:genus;251231:f__Beijerinckiaceae:family;161314:o__Rhizobiales:order;159315:c__Alphaproteobacteria:class;14525:p__Pseudomonadota:phylum;14524:d__Bacteria:superkingdom;1:root:no rank"
335166	"s__Methylobacterium mesophilicum"	1	1.0	1.3	0	0	49.0	0.9592	0.49	0.49	21	0.0	1	"335166:s__Methylobacterium mesophilicum:species;251232:g__Methylobacterium:genus;251231:f__Beijerinckiaceae:family;161314:o__Rhizobiales:order;159315:c__Alphaproteobacteria:class;14525:p__Pseudomonadota:phylum;14524:d__Bacteria:superkingdom;1:root:no rank"
466577	"RS_GCF_900406815.1"	1	1.0	2.22	0	0	34.0	0.9706	0.235	0.265	6	0.0	1	"466577:RS_GCF_900406815.1:subspecies;466576:s__Acinetobacter haemolyticus_A:species;115235:g__Acinetobacter:genus;115234:f__Moraxellaceae:family;108193:o__Pseudomonadales:order;14526:c__Gammaproteobacteria:class;14525:p__Pseudomonadota:phylum;14524:d__Bacteria:superkingdom;1:root:no rank"
466576	"s__Acinetobacter haemolyticus_A"	1	1.0	2.22	0	0	34.0	0.9706	0.235	0.265	6	0.0	1	"466576:s__Acinetobacter haemolyticus_A:species;115235:g__Acinetobacter:genus;115234:f__Moraxellaceae:family;108193:o__Pseudomonadales:order;14526:c__Gammaproteobacteria:class;14525:p__Pseudomonadota:phylum;14524:d__Bacteria:superkingdom;1:root:no rank"
226425	"g__Ochrobactrum"	1	1.0	0.81	0.0	0.0	34.0	1.0	0.559	0.559	6	0.0	2	"226425:g__Ochrobactrum:genus;161315:f__Rhizobiaceae:family;161314:o__Rhizobiales:order;159315:c__Alphaproteobacteria:class;14525:p__Pseudomonadota:phylum;14524:d__Bacteria:superkingdom;1:root:no rank"
258749	"GB_GCA_016839165.1"	1	1.0	2.01	0	0	110.0	0.9909	0.573	0.582	82	0.0	1	"258749:GB_GCA_016839165.1:subspecies;258733:s__Bradyrhizobium sp003020075:species;227326:g__Bradyrhizobium:genus;227325:f__Xanthobacteraceae:family;161314:o__Rhizobiales:order;159315:c__Alphaproteobacteria:class;14525:p__Pseudomonadota:phylum;14524:d__Bacteria:superkingdom;1:root:no rank"
258733	"s__Bradyrhizobium sp003020075"	1	1.0	2.01	0	0	110.0	0.9909	0.573	0.582	82	0.0	1	"258733:s__Bradyrhizobium sp003020075:species;227326:g__Bradyrhizobium:genus;227325:f__Xanthobacteraceae:family;161314:o__Rhizobiales:order;159315:c__Alphaproteobacteria:class;14525:p__Pseudomonadota:phylum;14524:d__Bacteria:superkingdom;1:root:no rank"
245152	"RS_GCF_002803605.1"	1	1.0	0.43	0	0	33.0	0.9697	0.394	0.424	5	0.0	1	"245152:RS_GCF_002803605.1:subspecies;245135:s__Acinetobacter pseudolwoffii:species;115235:g__Acinetobacter:genus;115234:f__Moraxellaceae:family;108193:o__Pseudomonadales:order;14526:c__Gammaproteobacteria:class;14525:p__Pseudomonadota:phylum;14524:d__Bacteria:superkingdom;1:root:no rank"
245135	"s__Acinetobacter pseudolwoffii"	1	1.0	0.43	0	0	33.0	0.9697	0.394	0.424	5	0.0	1	"245135:s__Acinetobacter pseudolwoffii:species;115235:g__Acinetobacter:genus;115234:f__Moraxellaceae:family;108193:o__Pseudomonadales:order;14526:c__Gammaproteobacteria:class;14525:p__Pseudomonadota:phylum;14524:d__Bacteria:superkingdom;1:root:no rank"
230304	"RS_GCF_000369065.1"	1	1.0	0.89	0	0.0	36.0	1.0	0.389	0.389	8	0.0	1	"230304:RS_GCF_000369065.1:subspecies;230281:s__Acinetobacter haemolyticus:species;115235:g__Acinetobacter:genus;115234:f__Moraxellaceae:family;108193:o__Pseudomonadales:order;14526:c__Gammaproteobacteria:class;14525:p__Pseudomonadota:phylum;14524:d__Bacteria:superkingdom;1:root:no rank"
230281	"s__Acinetobacter haemolyticus"	1	1.0	0.89	0	0.0	36.0	1.0	0.389	0.389	8	0.0	1	"230281:s__Acinetobacter haemolyticus:species;115235:g__Acinetobacter:genus;115234:f__Moraxellaceae:family;108193:o__Pseudomonadales:order;14526:c__Gammaproteobacteria:class;14525:p__Pseudomonadota:phylum;14524:d__Bacteria:superkingdom;1:root:no rank"
237747	"g__Serratia_J"	1	1.0	4.76	0	0	43.0	0.9767	0.512	0.535	15	0.0	2	"237747:g__Serratia_J:genus;14528:f__Enterobacteriaceae:family;14527:o__Enterobacterales:order;14526:c__Gammaproteobacteria:class;14525:p__Pseudomonadota:phylum;14524:d__Bacteria:superkingdom;1:root:no rank"
379030	"RS_GCF_021555175.1"	1	1.0	0.77	0	0	42.0	0.9524	0.524	0.512	14	0.0	2	"379030:RS_GCF_021555175.1:subspecies;379028:s__Nocardioides alcanivorans:species;270463:g__Nocardioides:genus;270462:f__Nocardioidaceae:family;177040:o__Propionibacteriales:order;101056:c__Actinomycetia:class;101055:p__Actinomycetota:phylum;14524:d__Bacteria:superkingdom;1:root:no rank"
379028	"s__Nocardioides alcanivorans"	1	1.0	0.77	0	0	42.0	0.9524	0.524	0.512	14	0.0	2	"379028:s__Nocardioides alcanivorans:species;270463:g__Nocardioides:genus;270462:f__Nocardioidaceae:family;177040:o__Propionibacteriales:order;101056:c__Actinomycetia:class;101055:p__Actinomycetota:phylum;14524:d__Bacteria:superkingdom;1:root:no rank"
270463	"g__Nocardioides"	1	1.0	0.77	0	0	42.0	0.9524	0.524	0.512	14	0.0	2	"270463:g__Nocardioides:genus;270462:f__Nocardioidaceae:family;177040:o__Propionibacteriales:order;101056:c__Actinomycetia:class;101055:p__Actinomycetota:phylum;14524:d__Bacteria:superkingdom;1:root:no rank"
270462	"f__Nocardioidaceae"	1	1.0	0.77	0	0	42.0	0.9524	0.524	0.512	14	0.0	2	"270462:f__Nocardioidaceae:family;177040:o__Propionibacteriales:order;101056:c__Actinomycetia:class;101055:p__Actinomycetota:phylum;14524:d__Bacteria:superkingdom;1:root:no rank"
201395	"RS_GCF_002075345.1"	1	1.0	3.23	0.0	0.0	33.0	1.0	0.242	0.242	5	0.0	1	"201395:RS_GCF_002075345.1:subspecies;201364:s__Citrobacter braakii:species;170478:g__Citrobacter:genus;14528:f__Enterobacteriaceae:family;14527:o__Enterobacterales:order;14526:c__Gammaproteobacteria:class;14525:p__Pseudomonadota:phylum;14524:d__Bacteria:superkingdom;1:root:no rank"
201364	"s__Citrobacter braakii"	1	1.0	3.23	0.0	0.0	33.0	1.0	0.242	0.242	5	0.0	1	"201364:s__Citrobacter braakii:species;170478:g__Citrobacter:genus;14528:f__Enterobacteriaceae:family;14527:o__Enterobacterales:order;14526:c__Gammaproteobacteria:class;14525:p__Pseudomonadota:phylum;14524:d__Bacteria:superkingdom;1:root:no rank"
394956	"RS_GCF_022179465.1"	1	1.0	1.11	0	0	47.0	0.9787	0.489	0.511	19	0.0	1	"394956:RS_GCF_022179465.1:subspecies;394954:s__Methylobacterium organophilum:species;251232:g__Methylobacterium:genus;251231:f__Beijerinckiaceae:family;161314:o__Rhizobiales:order;159315:c__Alphaproteobacteria:class;14525:p__Pseudomonadota:phylum;14524:d__Bacteria:superkingdom;1:root:no rank"
394954	"s__Methylobacterium organophilum"	1	1.0	1.11	0	0	47.0	0.9787	0.489	0.511	19	0.0	1	"394954:s__Methylobacterium organophilum:species;251232:g__Methylobacterium:genus;251231:f__Beijerinckiaceae:family;161314:o__Rhizobiales:order;159315:c__Alphaproteobacteria:class;14525:p__Pseudomonadota:phylum;14524:d__Bacteria:superkingdom;1:root:no rank"
366126	"RS_GCF_900232865.1"	1	1.0	2.1	0	0	45.0	1.0	0.667	0.667	17	0.0	1	"366126:RS_GCF_900232865.1:subspecies;366125:s__Corynebacterium dentalis:species;175271:g__Corynebacterium:genus;101058:f__Mycobacteriaceae:family;101057:o__Mycobacteriales:order;101056:c__Actinomycetia:class;101055:p__Actinomycetota:phylum;14524:d__Bacteria:superkingdom;1:root:no rank"
366125	"s__Corynebacterium dentalis"	1	1.0	2.1	0	0	45.0	1.0	0.667	0.667	17	0.0	1	"366125:s__Corynebacterium dentalis:species;175271:g__Corynebacterium:genus;101058:f__Mycobacteriaceae:family;101057:o__Mycobacteriales:order;101056:c__Actinomycetia:class;101055:p__Actinomycetota:phylum;14524:d__Bacteria:superkingdom;1:root:no rank"
48380	"g__Klebsiella"	1	1.0	2.33	0.0	0.0	83.0	0.9699	0.578	0.596	55	0.0	2	"48380:g__Klebsiella:genus;14528:f__Enterobacteriaceae:family;14527:o__Enterobacterales:order;14526:c__Gammaproteobacteria:class;14525:p__Pseudomonadota:phylum;14524:d__Bacteria:superkingdom;1:root:no rank"
341111	"RS_GCF_018831085.1"	1	1.0	1.51	0	0.0	33.0	1.0	0.333	0.333	5	0.0	1	"341111:RS_GCF_018831085.1:subspecies;341108:s__Rheinheimera sp018831085:species;301954:g__Rheinheimera:genus;225214:f__Alteromonadaceae:family;145555:o__Enterobacterales_A:order;14526:c__Gammaproteobacteria:class;14525:p__Pseudomonadota:phylum;14524:d__Bacteria:superkingdom;1:root:no rank"
341108	"s__Rheinheimera sp018831085"	1	1.0	1.51	0	0.0	33.0	1.0	0.333	0.333	5	0.0	1	"341108:s__Rheinheimera sp018831085:species;301954:g__Rheinheimera:genus;225214:f__Alteromonadaceae:family;145555:o__Enterobacterales_A:order;14526:c__Gammaproteobacteria:class;14525:p__Pseudomonadota:phylum;14524:d__Bacteria:superkingdom;1:root:no rank"
462467	"RS_GCF_008630915.1"	1	1.0	3.03	0	0.0	36.0	1.0	0.278	0.278	8	0.0	1	"462467:RS_GCF_008630915.1:subspecies;462466:s__Acinetobacter sp008630915:species;115235:g__Acinetobacter:genus;115234:f__Moraxellaceae:family;108193:o__Pseudomonadales:order;14526:c__Gammaproteobacteria:class;14525:p__Pseudomonadota:phylum;14524:d__Bacteria:superkingdom;1:root:no rank"
462466	"s__Acinetobacter sp008630915"	1	1.0	3.03	0	0.0	36.0	1.0	0.278	0.278	8	0.0	1	"462466:s__Acinetobacter sp008630915:species;115235:g__Acinetobacter:genus;115234:f__Moraxellaceae:family;108193:o__Pseudomonadales:order;14526:c__Gammaproteobacteria:class;14525:p__Pseudomonadota:phylum;14524:d__Bacteria:superkingdom;1:root:no rank"
235824	"g__Moraxella_A"	1	1.0	3.39	0	0	62.0	0.957	0.387	0.419	34	0.0	3	"235824:g__Moraxella_A:genus;115234:f__Moraxellaceae:family;108193:o__Pseudomonadales:order;14526:c__Gammaproteobacteria:class;14525:p__Pseudomonadota:phylum;14524:d__Bacteria:superkingdom;1:root:no rank"
221928	"RS_GCF_000368825.1"	1	1.0	1.94	0.0	0	33.0	1.0	0.273	0.273	5	0.0	1	"221928:RS_GCF_000368825.1:subspecies;221853:s__Acinetobacter ursingii:species;115235:g__Acinetobacter:genus;115234:f__Moraxellaceae:family;108193:o__Pseudomonadales:order;14526:c__Gammaproteobacteria:class;14525:p__Pseudomonadota:phylum;14524:d__Bacteria:superkingdom;1:root:no rank"
221853	"s__Acinetobacter ursingii"	1	1.0	1.94	0.0	0	33.0	1.0	0.273	0.273	5	0.0	1	"221853:s__Acinetobacter ursingii:species;115235:g__Acinetobacter:genus;115234:f__Moraxellaceae:family;108193:o__Pseudomonadales:order;14526:c__Gammaproteobacteria:class;14525:p__Pseudomonadota:phylum;14524:d__Bacteria:superkingdom;1:root:no rank"
185892	"g__Stenotrophomonas"	1	1.0	5.02	0	0	100.0	0.9775	0.75	0.748	72	0.0	4	"185892:g__Stenotrophomonas:genus;177470:f__Xanthomonadaceae:family;177469:o__Xanthomonadales:order;14526:c__Gammaproteobacteria:class;14525:p__Pseudomonadota:phylum;14524:d__Bacteria:superkingdom;1:root:no rank"
287305	"RS_GCF_002165255.2"	1	1.0	4.73	0	0	33.0	0.9697	0.182	0.212	5	0.0	1	"287305:RS_GCF_002165255.2:subspecies;287304:s__Acinetobacter sp002165255:species;115235:g__Acinetobacter:genus;115234:f__Moraxellaceae:family;108193:o__Pseudomonadales:order;14526:c__Gammaproteobacteria:class;14525:p__Pseudomonadota:phylum;14524:d__Bacteria:superkingdom;1:root:no rank"
287304	"s__Acinetobacter sp002165255"	1	1.0	4.73	0	0	33.0	0.9697	0.182	0.212	5	0.0	1	"287304:s__Acinetobacter sp002165255:species;115235:g__Acinetobacter:genus;115234:f__Moraxellaceae:family;108193:o__Pseudomonadales:order;14526:c__Gammaproteobacteria:class;14525:p__Pseudomonadota:phylum;14524:d__Bacteria:superkingdom;1:root:no rank"
253262	"g__Sphingopyxis"	1	1.0	2.12	0.0	0	47.0	0.9787	0.702	0.716	19	0.0	3	"253262:g__Sphingopyxis:genus;223508:f__Sphingomonadaceae:family;223507:o__Sphingomonadales:order;159315:c__Alphaproteobacteria:class;14525:p__Pseudomonadota:phylum;14524:d__Bacteria:superkingdom;1:root:no rank"
223508	"f__Sphingomonadaceae"	1	1.0	2.12	0.0	0	47.0	0.9787	0.702	0.716	19	0.0	3	"223508:f__Sphingomonadaceae:family;223507:o__Sphingomonadales:order;159315:c__Alphaproteobacteria:class;14525:p__Pseudomonadota:phylum;14524:d__Bacteria:superkingdom;1:root:no rank"
223507	"o__Sphingomonadales"	1	1.0	2.12	0.0	0	47.0	0.9787	0.702	0.716	19	0.0	3	"223507:o__Sphingomonadales:order;159315:c__Alphaproteobacteria:class;14525:p__Pseudomonadota:phylum;14524:d__Bacteria:superkingdom;1:root:no rank"
290081	"RS_GCF_001570885.1"	1	1.0	4.21	0.0	0.0	45.0	1.0	0.756	0.756	17	0.0	1	"290081:RS_GCF_001570885.1:subspecies;290073:s__Micrococcus lylae:species;187122:g__Micrococcus:genus;187121:f__Micrococcaceae:family;171647:o__Actinomycetales:order;101056:c__Actinomycetia:class;101055:p__Actinomycetota:phylum;14524:d__Bacteria:superkingdom;1:root:no rank"
290073	"s__Micrococcus lylae"	1	1.0	4.21	0.0	0.0	45.0	1.0	0.756	0.756	17	0.0	1	"290073:s__Micrococcus lylae:species;187122:g__Micrococcus:genus;187121:f__Micrococcaceae:family;171647:o__Actinomycetales:order;101056:c__Actinomycetia:class;101055:p__Actinomycetota:phylum;14524:d__Bacteria:superkingdom;1:root:no rank"
187122	"g__Micrococcus"	1	1.0	4.21	0.0	0.0	45.0	1.0	0.756	0.756	17	0.0	1	"187122:g__Micrococcus:genus;187121:f__Micrococcaceae:family;171647:o__Actinomycetales:order;101056:c__Actinomycetia:class;101055:p__Actinomycetota:phylum;14524:d__Bacteria:superkingdom;1:root:no rank"
187121	"f__Micrococcaceae"	1	1.0	4.21	0.0	0.0	45.0	1.0	0.756	0.756	17	0.0	1	"187121:f__Micrococcaceae:family;171647:o__Actinomycetales:order;101056:c__Actinomycetia:class;101055:p__Actinomycetota:phylum;14524:d__Bacteria:superkingdom;1:root:no rank"
171647	"o__Actinomycetales"	1	1.0	4.21	0.0	0.0	45.0	1.0	0.756	0.756	17	0.0	1	"171647:o__Actinomycetales:order;101056:c__Actinomycetia:class;101055:p__Actinomycetota:phylum;14524:d__Bacteria:superkingdom;1:root:no rank"
270175	"RS_GCF_000314675.2"	1	1.0	2.73	0	0.0	47.0	0.9574	0.489	0.489	19	0.0	1	"270175:RS_GCF_000314675.2:subspecies;270169:s__Afipia broomeae:species;270168:g__Afipia:genus;227325:f__Xanthobacteraceae:family;161314:o__Rhizobiales:order;159315:c__Alphaproteobacteria:class;14525:p__Pseudomonadota:phylum;14524:d__Bacteria:superkingdom;1:root:no rank"
270169	"s__Afipia broomeae"	1	1.0	2.73	0	0.0	47.0	0.9574	0.489	0.489	19	0.0	1	"270169:s__Afipia broomeae:species;270168:g__Afipia:genus;227325:f__Xanthobacteraceae:family;161314:o__Rhizobiales:order;159315:c__Alphaproteobacteria:class;14525:p__Pseudomonadota:phylum;14524:d__Bacteria:superkingdom;1:root:no rank"
270168	"g__Afipia"	1	1.0	2.73	0	0.0	47.0	0.9574	0.489	0.489	19	0.0	1	"270168:g__Afipia:genus;227325:f__Xanthobacteraceae:family;161314:o__Rhizobiales:order;159315:c__Alphaproteobacteria:class;14525:p__Pseudomonadota:phylum;14524:d__Bacteria:superkingdom;1:root:no rank"
127516	"g__Enterobacter"	1	1.0	3.43	0.0	0.0	34.0	0.9804	0.294	0.314	6	0.0	6	"127516:g__Enterobacter:genus;14528:f__Enterobacteriaceae:family;14527:o__Enterobacterales:order;14526:c__Gammaproteobacteria:class;14525:p__Pseudomonadota:phylum;14524:d__Bacteria:superkingdom;1:root:no rank"
408511	"RS_GCF_016428905.1"	1	1.0	1.01	0.0	0.0	37.0	0.973	0.541	0.541	9	0.0	1	"408511:RS_GCF_016428905.1:subspecies;408510:s__Dyella sp016428905:species;321083:g__Dyella:genus;275876:f__Rhodanobacteraceae:family;177469:o__Xanthomonadales:order;14526:c__Gammaproteobacteria:class;14525:p__Pseudomonadota:phylum;14524:d__Bacteria:superkingdom;1:root:no rank"
408510	"s__Dyella sp016428905"	1	1.0	1.01	0.0	0.0	37.0	0.973	0.541	0.541	9	0.0	1	"408510:s__Dyella sp016428905:species;321083:g__Dyella:genus;275876:f__Rhodanobacteraceae:family;177469:o__Xanthomonadales:order;14526:c__Gammaproteobacteria:class;14525:p__Pseudomonadota:phylum;14524:d__Bacteria:superkingdom;1:root:no rank"
321083	"g__Dyella"	1	1.0	1.01	0.0	0.0	37.0	0.973	0.541	0.541	9	0.0	1	"321083:g__Dyella:genus;275876:f__Rhodanobacteraceae:family;177469:o__Xanthomonadales:order;14526:c__Gammaproteobacteria:class;14525:p__Pseudomonadota:phylum;14524:d__Bacteria:superkingdom;1:root:no rank"
457215	"RS_GCF_016428875.1"	1	1.0	1.51	0	0.0	37.0	0.973	0.541	0.528	9	0.0	1	"457215:RS_GCF_016428875.1:subspecies;457214:s__Xylophilus sp016428875:species;376793:g__Xylophilus:genus;233990:f__Burkholderiaceae_B:family;137197:o__Burkholderiales:order;14526:c__Gammaproteobacteria:class;14525:p__Pseudomonadota:phylum;14524:d__Bacteria:superkingdom;1:root:no rank"
457214	"s__Xylophilus sp016428875"	1	1.0	1.51	0	0.0	37.0	0.973	0.541	0.528	9	0.0	1	"457214:s__Xylophilus sp016428875:species;376793:g__Xylophilus:genus;233990:f__Burkholderiaceae_B:family;137197:o__Burkholderiales:order;14526:c__Gammaproteobacteria:class;14525:p__Pseudomonadota:phylum;14524:d__Bacteria:superkingdom;1:root:no rank"
376793	"g__Xylophilus"	1	1.0	1.51	0	0.0	37.0	0.973	0.541	0.528	9	0.0	1	"376793:g__Xylophilus:genus;233990:f__Burkholderiaceae_B:family;137197:o__Burkholderiales:order;14526:c__Gammaproteobacteria:class;14525:p__Pseudomonadota:phylum;14524:d__Bacteria:superkingdom;1:root:no rank"
315600	"RS_GCF_000275725.1"	1	1.0	2.08	0.0	0.0	35.0	0.9714	0.514	0.543	7	0.0	1	"315600:RS_GCF_000275725.1:subspecies;315599:s__Halomonas stevensii:species;242500:g__Halomonas:genus;242499:f__Halomonadaceae:family;108193:o__Pseudomonadales:order;14526:c__Gammaproteobacteria:class;14525:p__Pseudomonadota:phylum;14524:d__Bacteria:superkingdom;1:root:no rank"
315599	"s__Halomonas stevensii"	1	1.0	2.08	0.0	0.0	35.0	0.9714	0.514	0.543	7	0.0	1	"315599:s__Halomonas stevensii:species;242500:g__Halomonas:genus;242499:f__Halomonadaceae:family;108193:o__Pseudomonadales:order;14526:c__Gammaproteobacteria:class;14525:p__Pseudomonadota:phylum;14524:d__Bacteria:superkingdom;1:root:no rank"
219532	"g__Mesorhizobium"	1	1.0	2.15	0.0	0	33.0	1.0	0.515	0.515	5	0.0	2	"219532:g__Mesorhizobium:genus;161315:f__Rhizobiaceae:family;161314:o__Rhizobiales:order;159315:c__Alphaproteobacteria:class;14525:p__Pseudomonadota:phylum;14524:d__Bacteria:superkingdom;1:root:no rank"
510475	"RS_GCF_002847445.1"	1	1.0	1.48	0.0	0.0	46.0	0.9565	0.674	0.674	18	0.0	1	"510475:RS_GCF_002847445.1:subspecies;510474:s__Paracoccus zhejiangensis:species;279860:g__Paracoccus:genus;198019:f__Rhodobacteraceae:family;198018:o__Rhodobacterales:order;159315:c__Alphaproteobacteria:class;14525:p__Pseudomonadota:phylum;14524:d__Bacteria:superkingdom;1:root:no rank"
510474	"s__Paracoccus zhejiangensis"	1	1.0	1.48	0.0	0.0	46.0	0.9565	0.674	0.674	18	0.0	1	"510474:s__Paracoccus zhejiangensis:species;279860:g__Paracoccus:genus;198019:f__Rhodobacteraceae:family;198018:o__Rhodobacterales:order;159315:c__Alphaproteobacteria:class;14525:p__Pseudomonadota:phylum;14524:d__Bacteria:superkingdom;1:root:no rank"
279860	"g__Paracoccus"	1	1.0	1.48	0.0	0.0	46.0	0.9565	0.674	0.674	18	0.0	1	"279860:g__Paracoccus:genus;198019:f__Rhodobacteraceae:family;198018:o__Rhodobacterales:order;159315:c__Alphaproteobacteria:class;14525:p__Pseudomonadota:phylum;14524:d__Bacteria:superkingdom;1:root:no rank"
198019	"f__Rhodobacteraceae"	1	1.0	1.48	0.0	0.0	46.0	0.9565	0.674	0.674	18	0.0	1	"198019:f__Rhodobacteraceae:family;198018:o__Rhodobacterales:order;159315:c__Alphaproteobacteria:class;14525:p__Pseudomonadota:phylum;14524:d__Bacteria:superkingdom;1:root:no rank"
198018	"o__Rhodobacterales"	1	1.0	1.48	0.0	0.0	46.0	0.9565	0.674	0.674	18	0.0	1	"198018:o__Rhodobacterales:order;159315:c__Alphaproteobacteria:class;14525:p__Pseudomonadota:phylum;14524:d__Bacteria:superkingdom;1:root:no rank"
250529	"GB_GCA_003755025.1"	1	1.0	2.22	0.0	0.0	34.0	1.0	0.618	0.618	6	0.0	1	"250529:GB_GCA_003755025.1:subspecies;250506:s__Diaphorobacter nitroreducens:species;250505:g__Diaphorobacter:genus;233990:f__Burkholderiaceae_B:family;137197:o__Burkholderiales:order;14526:c__Gammaproteobacteria:class;14525:p__Pseudomonadota:phylum;14524:d__Bacteria:superkingdom;1:root:no rank"
250506	"s__Diaphorobacter nitroreducens"	1	1.0	2.22	0.0	0.0	34.0	1.0	0.618	0.618	6	0.0	1	"250506:s__Diaphorobacter nitroreducens:species;250505:g__Diaphorobacter:genus;233990:f__Burkholderiaceae_B:family;137197:o__Burkholderiales:order;14526:c__Gammaproteobacteria:class;14525:p__Pseudomonadota:phylum;14524:d__Bacteria:superkingdom;1:root:no rank"
250505	"g__Diaphorobacter"	1	1.0	2.22	0.0	0.0	34.0	1.0	0.618	0.618	6	0.0	1	"250505:g__Diaphorobacter:genus;233990:f__Burkholderiaceae_B:family;137197:o__Burkholderiales:order;14526:c__Gammaproteobacteria:class;14525:p__Pseudomonadota:phylum;14524:d__Bacteria:superkingdom;1:root:no rank"
294249	"RS_GCF_000368865.1"	1	1.0	1.48	0	0	31.0	0.9677	0.484	0.484	3	0.0	1	"294249:RS_GCF_000368865.1:subspecies;294246:s__Acinetobacter bouvetii:species;115235:g__Acinetobacter:genus;115234:f__Moraxellaceae:family;108193:o__Pseudomonadales:order;14526:c__Gammaproteobacteria:class;14525:p__Pseudomonadota:phylum;14524:d__Bacteria:superkingdom;1:root:no rank"
294246	"s__Acinetobacter bouvetii"	1	1.0	1.48	0	0	31.0	0.9677	0.484	0.484	3	0.0	1	"294246:s__Acinetobacter bouvetii:species;115235:g__Acinetobacter:genus;115234:f__Moraxellaceae:family;108193:o__Pseudomonadales:order;14526:c__Gammaproteobacteria:class;14525:p__Pseudomonadota:phylum;14524:d__Bacteria:superkingdom;1:root:no rank"
287406	"g__Telluria"	1	1.0	1.29	0	0.0	33.0	0.9924	0.697	0.705	5	0.0	4	"287406:g__Telluria:genus;147451:f__Burkholderiaceae:family;137197:o__Burkholderiales:order;14526:c__Gammaproteobacteria:class;14525:p__Pseudomonadota:phylum;14524:d__Bacteria:superkingdom;1:root:no rank"
212265	"RS_GCF_000987075.1"	1	1.0	2.64	0.0	0	121.0	1.0	0.661	0.661	93	0.0	1	"212265:RS_GCF_000987075.1:subspecies;212217:s__Burkholderia contaminans:species;147452:g__Burkholderia:genus;147451:f__Burkholderiaceae:family;137197:o__Burkholderiales:order;14526:c__Gammaproteobacteria:class;14525:p__Pseudomonadota:phylum;14524:d__Bacteria:superkingdom;1:root:no rank"
212217	"s__Burkholderia contaminans"	1	1.0	2.64	0.0	0	121.0	1.0	0.661	0.661	93	0.0	1	"212217:s__Burkholderia contaminans:species;147452:g__Burkholderia:genus;147451:f__Burkholderiaceae:family;137197:o__Burkholderiales:order;14526:c__Gammaproteobacteria:class;14525:p__Pseudomonadota:phylum;14524:d__Bacteria:superkingdom;1:root:no rank"
450737	"RS_GCF_009469695.1"	1	1.0	1.23	0	0	31.0	0.9677	0.484	0.484	3	0.0	1	"450737:RS_GCF_009469695.1:subspecies;450736:s__Propionivibrio limicola:species;315725:g__Propionivibrio:genus;248460:f__Rhodocyclaceae:family;137197:o__Burkholderiales:order;14526:c__Gammaproteobacteria:class;14525:p__Pseudomonadota:phylum;14524:d__Bacteria:superkingdom;1:root:no rank"
450736	"s__Propionivibrio limicola"	1	1.0	1.23	0	0	31.0	0.9677	0.484	0.484	3	0.0	1	"450736:s__Propionivibrio limicola:species;315725:g__Propionivibrio:genus;248460:f__Rhodocyclaceae:family;137197:o__Burkholderiales:order;14526:c__Gammaproteobacteria:class;14525:p__Pseudomonadota:phylum;14524:d__Bacteria:superkingdom;1:root:no rank"
315725	"g__Propionivibrio"	1	1.0	1.23	0	0	31.0	0.9677	0.484	0.484	3	0.0	1	"315725:g__Propionivibrio:genus;248460:f__Rhodocyclaceae:family;137197:o__Burkholderiales:order;14526:c__Gammaproteobacteria:class;14525:p__Pseudomonadota:phylum;14524:d__Bacteria:superkingdom;1:root:no rank"
248460	"f__Rhodocyclaceae"	1	1.0	1.23	0	0	31.0	0.9677	0.484	0.484	3	0.0	1	"248460:f__Rhodocyclaceae:family;137197:o__Burkholderiales:order;14526:c__Gammaproteobacteria:class;14525:p__Pseudomonadota:phylum;14524:d__Bacteria:superkingdom;1:root:no rank"
